06-Jan-67,59.05781
13-Jan-67,59.59352
20-Jan-67,60.00680
27-Jan-67,61.20617
03-Feb-67,60.82044
10-Feb-67,60.70856
17-Feb-67,61.44351
24-Feb-67,61.24899
03-Mar-67,59.03252
10-Mar-67,60.90643
17-Mar-67,60.67547
24-Mar-67,60.77668
31-Mar-67,60.66816
07-Apr-67,60.60962
14-Apr-67,59.61185
21-Apr-67,61.92616
28-Apr-67,62.17824
05-May-67,62.41480
12-May-67,63.57014
19-May-67,63.60096
26-May-67,63.49946
02-Jun-67,62.17399
09-Jun-67,62.68060
16-Jun-67,64.06973
23-Jun-67,64.68802
30-Jun-67,65.19428
07-Jul-67,63.85077
14-Jul-67,63.90995
21-Jul-67,64.59040
28-Jul-67,66.10775
04-Aug-67,65.80259
11-Aug-67,66.90109
18-Aug-67,66.31402
25-Aug-67,66.45159
01-Sep-67,66.07124
08-Sep-67,65.45034
15-Sep-67,66.19072
22-Sep-67,67.19254
29-Sep-67,67.45335
06-Oct-67,66.10327
13-Oct-67,67.19321
20-Oct-67,66.31738
27-Oct-67,66.73003
03-Nov-67,66.37425
10-Nov-67,66.61770
17-Nov-67,67.06198
24-Nov-67,67.22423
01-Dec-67,66.90085
08-Dec-67,65.70747
15-Dec-67,66.27090
22-Dec-67,65.34912
29-Dec-67,65.64827
05-Jan-68,64.94850
12-Jan-68,65.06038
19-Jan-68,65.48342
26-Jan-68,66.11144
02-Feb-68,64.14191
09-Feb-68,65.35587
16-Feb-68,65.44792
23-Feb-68,65.69515
01-Mar-68,65.80501
08-Mar-68,65.27342
15-Mar-68,66.85995
22-Mar-68,65.73919
29-Mar-68,66.00672
05-Apr-68,65.46689
12-Apr-68,66.60718
19-Apr-68,66.64921
26-Apr-68,64.18125
03-May-68,65.80767
10-May-68,66.62503
17-May-68,66.67664
24-May-68,67.03125
31-May-68,66.42964
07-Jun-68,66.74559
14-Jun-68,66.72416
21-Jun-68,66.48119
28-Jun-68,66.30204
05-Jul-68,65.23824
12-Jul-68,66.51675
19-Jul-68,66.97340
26-Jul-68,65.08065
02-Aug-68,65.11437
09-Aug-68,64.76955
16-Aug-68,66.28601
23-Aug-68,66.52967
30-Aug-68,66.72233
06-Sep-68,67.01646
13-Sep-68,67.06021
20-Sep-68,67.30634
27-Sep-68,67.69332
04-Oct-68,68.37353
11-Oct-68,68.81597
18-Oct-68,68.63638
25-Oct-68,69.00256
01-Nov-68,68.97430
08-Nov-68,68.80143
15-Nov-68,68.74768
22-Nov-68,68.81508
29-Nov-68,70.86106
06-Dec-68,70.04538
13-Dec-68,69.61767
20-Dec-68,69.92311
27-Dec-68,68.91377
03-Jan-69,69.62200
10-Jan-69,69.10431
17-Jan-69,68.89576
24-Jan-69,69.15201
31-Jan-69,69.26752
07-Feb-69,69.90175
14-Feb-69,69.83139
21-Feb-69,69.96780
28-Feb-69,69.33375
07-Mar-69,69.40945
14-Mar-69,69.30294
21-Mar-69,69.28699
28-Mar-69,69.02297
04-Apr-69,68.79482
11-Apr-69,68.04484
18-Apr-69,67.77732
25-Apr-69,68.28560
02-May-69,68.78686
09-May-69,68.57453
16-May-69,69.00883
23-May-69,68.73398
30-May-69,68.66396
06-Jun-69,68.02379
13-Jun-69,67.74877
20-Jun-69,66.48677
27-Jun-69,65.85547
04-Jul-69,65.38874
11-Jul-69,65.49649
18-Jul-69,64.82387
25-Jul-69,65.12654
01-Aug-69,64.71843
08-Aug-69,64.34242
15-Aug-69,64.90402
22-Aug-69,65.00898
29-Aug-69,65.27570
05-Sep-69,66.10882
12-Sep-69,64.84542
19-Sep-69,65.87733
26-Sep-69,66.35959
03-Oct-69,66.14180
10-Oct-69,64.90925
17-Oct-69,64.52641
24-Oct-69,63.95510
31-Oct-69,64.75679
07-Nov-69,64.16958
14-Nov-69,65.03175
21-Nov-69,64.12588
28-Nov-69,64.18674
05-Dec-69,63.91677
12-Dec-69,62.99877
19-Dec-69,62.74409
26-Dec-69,62.95775
02-Jan-70,62.79097
09-Jan-70,62.22652
16-Jan-70,61.23845
23-Jan-70,61.23114
30-Jan-70,61.37509
06-Feb-70,60.04777
13-Feb-70,59.17432
20-Feb-70,58.59781
27-Feb-70,59.44742
06-Mar-70,59.22370
13-Mar-70,59.26813
20-Mar-70,59.35281
27-Mar-70,58.60139
03-Apr-70,59.00930
10-Apr-70,58.24999
17-Apr-70,56.60096
24-Apr-70,57.28318
01-May-70,57.52138
08-May-70,57.51939
15-May-70,57.35735
22-May-70,56.94882
29-May-70,56.81489
05-Jun-70,56.80816
12-Jun-70,56.65447
19-Jun-70,56.52696
26-Jun-70,55.81959
03-Jul-70,55.47452
10-Jul-70,54.72228
17-Jul-70,55.13454
24-Jul-70,55.36785
31-Jul-70,56.11800
07-Aug-70,56.02313
14-Aug-70,55.41243
21-Aug-70,55.85615
28-Aug-70,56.20374
04-Sep-70,55.87652
11-Sep-70,57.06404
18-Sep-70,56.10275
25-Sep-70,56.19239
02-Oct-70,56.21992
09-Oct-70,56.73096
16-Oct-70,56.47160
23-Oct-70,56.87354
30-Oct-70,56.78124
06-Nov-70,56.12676
13-Nov-70,56.13960
20-Nov-70,55.43598
27-Nov-70,54.29003
04-Dec-70,55.60698
11-Dec-70,55.75888
18-Dec-70,56.68517
25-Dec-70,56.95265
01-Jan-71,57.89446
08-Jan-71,58.46669
15-Jan-71,58.22402
22-Jan-71,58.15458
29-Jan-71,59.25649
05-Feb-71,59.86642
12-Feb-71,60.83695
19-Feb-71,61.82329
26-Feb-71,61.44390
05-Mar-71,61.17049
12-Mar-71,60.92652
19-Mar-71,60.51132
26-Mar-71,59.93017
02-Apr-71,60.59312
09-Apr-71,61.66176
16-Apr-71,62.35547
23-Apr-71,63.20057
30-Apr-71,63.40268
07-May-71,63.68875
14-May-71,63.98669
21-May-71,63.77869
28-May-71,63.08729
04-Jun-71,62.58773
11-Jun-71,63.09165
18-Jun-71,63.36364
25-Jun-71,63.04689
02-Jul-71,63.84245
09-Jul-71,64.46729
16-Jul-71,62.76297
23-Jul-71,63.42422
30-Jul-71,63.35006
06-Aug-71,61.78038
13-Aug-71,62.12644
20-Aug-71,62.16067
27-Aug-71,62.68872
03-Sep-71,61.01043
10-Sep-71,62.04773
17-Sep-71,62.31409
24-Sep-71,62.26290
01-Oct-71,62.18005
08-Oct-71,61.69755
15-Oct-71,61.61074
22-Oct-71,61.48672
29-Oct-71,61.49312
05-Nov-71,60.43751
12-Nov-71,60.72765
19-Nov-71,61.07597
26-Nov-71,60.96394
03-Dec-71,60.92087
10-Dec-71,61.67860
17-Dec-71,62.38219
24-Dec-71,63.71525
31-Dec-71,62.38043
07-Jan-72,62.50819
14-Jan-72,64.12467
21-Jan-72,64.21231
28-Jan-72,64.15241
04-Feb-72,64.24300
11-Feb-72,64.85413
18-Feb-72,65.20832
25-Feb-72,65.52324
03-Mar-72,65.55666
10-Mar-72,65.54639
17-Mar-72,65.55277
24-Mar-72,65.59633
31-Mar-72,65.94619
07-Apr-72,65.90075
14-Apr-72,66.62551
21-Apr-72,66.42745
28-Apr-72,65.82120
05-May-72,65.59515
12-May-72,65.78892
19-May-72,65.64598
26-May-72,65.62467
02-Jun-72,65.80050
09-Jun-72,65.59549
16-Jun-72,65.25467
23-Jun-72,64.98461
30-Jun-72,63.15813
07-Jul-72,64.70906
14-Jul-72,63.95056
21-Jul-72,64.77706
28-Jul-72,65.81431
04-Aug-72,66.16440
11-Aug-72,66.70876
18-Aug-72,66.80085
25-Aug-72,66.92307
01-Sep-72,67.58856
08-Sep-72,68.02391
15-Sep-72,68.05426
22-Sep-72,68.15451
29-Sep-72,68.39990
06-Oct-72,67.92575
13-Oct-72,68.21453
20-Oct-72,67.85162
27-Oct-72,68.88344
03-Nov-72,68.16481
10-Nov-72,68.56780
17-Nov-72,67.63260
24-Nov-72,69.29664
01-Dec-72,69.76294
08-Dec-72,69.11162
15-Dec-72,68.91593
22-Dec-72,69.47933
29-Dec-72,70.53252
05-Jan-73,70.86708
12-Jan-73,70.25867
19-Jan-73,70.83028
26-Jan-73,71.43870
02-Feb-73,70.74211
09-Feb-73,70.87885
16-Feb-73,71.43133
23-Feb-73,71.37161
02-Mar-73,70.77544
09-Mar-73,70.88074
16-Mar-73,71.07471
23-Mar-73,70.46616
30-Mar-73,70.70637
06-Apr-73,69.41612
13-Apr-73,70.30957
20-Apr-73,69.84248
27-Apr-73,70.27351
04-May-73,70.18203
11-May-73,71.03902
18-May-73,70.75449
25-May-73,70.72967
01-Jun-73,70.87751
08-Jun-73,70.01558
15-Jun-73,70.23761
22-Jun-73,69.72288
29-Jun-73,69.88342
06-Jul-73,69.35062
13-Jul-73,69.95886
20-Jul-73,69.80429
27-Jul-73,70.09233
03-Aug-73,70.33540
10-Aug-73,69.67616
17-Aug-73,68.71856
24-Aug-73,68.19731
31-Aug-73,68.51008
07-Sep-73,67.85531
14-Sep-73,68.11874
21-Sep-73,67.92766
28-Sep-73,67.92855
05-Oct-73,68.66908
12-Oct-73,68.17507
19-Oct-73,68.03940
26-Oct-73,68.23583
02-Nov-73,67.60557
09-Nov-73,66.30017
16-Nov-73,67.06337
23-Nov-73,67.26975
30-Nov-73,66.16537
07-Dec-73,65.74923
14-Dec-73,65.57813
21-Dec-73,64.17349
28-Dec-73,65.75522
04-Jan-74,67.23919
11-Jan-74,66.15941
18-Jan-74,66.41291
25-Jan-74,66.88374
01-Feb-74,66.81108
08-Feb-74,65.80029
15-Feb-74,66.36084
22-Feb-74,66.83638
01-Mar-74,67.03677
08-Mar-74,67.23258
15-Mar-74,67.31761
22-Mar-74,67.46714
29-Mar-74,67.40442
05-Apr-74,67.66355
12-Apr-74,67.49992
19-Apr-74,67.60389
26-Apr-74,67.75430
03-May-74,67.51098
10-May-74,67.22362
17-May-74,66.66195
24-May-74,66.03306
31-May-74,66.10276
07-Jun-74,65.58724
14-Jun-74,65.53866
21-Jun-74,64.98542
28-Jun-74,64.47224
05-Jul-74,64.38702
12-Jul-74,64.30363
19-Jul-74,64.38981
26-Jul-74,63.92218
02-Aug-74,63.45612
09-Aug-74,63.42586
16-Aug-74,63.30440
23-Aug-74,62.79676
30-Aug-74,62.47330
06-Sep-74,62.03617
13-Sep-74,61.38264
20-Sep-74,60.92201
27-Sep-74,60.45341
04-Oct-74,59.92904
11-Oct-74,59.64988
18-Oct-74,59.91298
25-Oct-74,59.55085
01-Nov-74,59.57148
08-Nov-74,59.26398
15-Nov-74,59.02743
22-Nov-74,58.03269
29-Nov-74,58.34660
06-Dec-74,57.70742
13-Dec-74,57.43494
20-Dec-74,57.07449
27-Dec-74,56.88634
03-Jan-75,57.58626
10-Jan-75,57.01795
17-Jan-75,57.05273
24-Jan-75,57.20949
31-Jan-75,57.50174
07-Feb-75,57.71487
14-Feb-75,58.05594
21-Feb-75,58.07966
28-Feb-75,58.33835
07-Mar-75,58.63786
14-Mar-75,59.02759
21-Mar-75,59.26692
28-Mar-75,59.47878
04-Apr-75,59.77436
11-Apr-75,60.06613
18-Apr-75,60.30226
25-Apr-75,60.62394
02-May-75,60.71324
09-May-75,60.67708
16-May-75,60.72764
23-May-75,60.86157
30-May-75,61.15289
06-Jun-75,60.86622
13-Jun-75,60.82544
20-Jun-75,61.09646
27-Jun-75,61.83368
04-Jul-75,62.23903
11-Jul-75,62.11195
18-Jul-75,62.21642
25-Jul-75,62.06685
01-Aug-75,62.08153
08-Aug-75,62.21666
15-Aug-75,62.34487
22-Aug-75,62.18032
29-Aug-75,62.26214
05-Sep-75,62.32760
12-Sep-75,62.44913
19-Sep-75,62.69656
26-Sep-75,62.64421
03-Oct-75,62.82903
10-Oct-75,62.80705
17-Oct-75,63.02577
24-Oct-75,62.80478
31-Oct-75,62.78791
07-Nov-75,62.83632
14-Nov-75,63.30181
21-Nov-75,63.46493
28-Nov-75,63.66093
05-Dec-75,63.65713
12-Dec-75,63.74088
19-Dec-75,63.65716
26-Dec-75,63.34452
02-Jan-76,63.43013
09-Jan-76,63.38052
16-Jan-76,64.07321
23-Jan-76,64.54192
30-Jan-76,64.90430
06-Feb-76,65.24268
13-Feb-76,65.48410
20-Feb-76,65.56090
27-Feb-76,65.69150
05-Mar-76,65.87969
12-Mar-76,65.88779
19-Mar-76,65.94536
26-Mar-76,66.10148
02-Apr-76,66.18835
09-Apr-76,66.31440
16-Apr-76,66.48260
23-Apr-76,66.79680
30-Apr-76,66.91010
07-May-76,66.96395
14-May-76,67.46379
21-May-76,67.30426
28-May-76,67.10196
04-Jun-76,67.23252
11-Jun-76,66.85149
18-Jun-76,67.08991
25-Jun-76,67.20692
02-Jul-76,67.25977
09-Jul-76,67.52958
16-Jul-76,67.37239
23-Jul-76,67.68531
30-Jul-76,67.78894
06-Aug-76,67.90505
13-Aug-76,67.93302
20-Aug-76,67.75164
27-Aug-76,67.65720
03-Sep-76,67.50924
10-Sep-76,68.04817
17-Sep-76,67.90690
24-Sep-76,67.86186
01-Oct-76,67.90491
08-Oct-76,67.60724
15-Oct-76,67.44000
22-Oct-76,67.36513
29-Oct-76,67.40139
05-Nov-76,67.68215
12-Nov-76,67.72902
19-Nov-76,67.40563
26-Nov-76,67.62880
03-Dec-76,67.20860
10-Dec-76,67.36042
17-Dec-76,67.86694
24-Dec-76,68.22092
31-Dec-76,67.83981
07-Jan-77,67.65132
14-Jan-77,68.57131
21-Jan-77,68.08393
28-Jan-77,68.15549
04-Feb-77,67.07331
11-Feb-77,67.79376
18-Feb-77,68.56899
25-Feb-77,69.08922
04-Mar-77,69.20058
11-Mar-77,69.42061
18-Mar-77,69.43936
25-Mar-77,69.59710
01-Apr-77,69.57945
08-Apr-77,69.25879
15-Apr-77,69.40925
22-Apr-77,69.33905
29-Apr-77,69.40974
06-May-77,69.53236
13-May-77,69.65938
20-May-77,69.75557
27-May-77,69.49058
03-Jun-77,69.58079
10-Jun-77,69.63502
17-Jun-77,69.59321
24-Jun-77,69.55285
01-Jul-77,69.72702
08-Jul-77,69.74881
15-Jul-77,69.68656
22-Jul-77,69.86004
29-Jul-77,69.84975
05-Aug-77,69.78997
12-Aug-77,70.08389
19-Aug-77,69.99246
26-Aug-77,69.83880
02-Sep-77,69.63835
09-Sep-77,69.89572
16-Sep-77,69.86557
23-Sep-77,69.61745
30-Sep-77,69.99293
07-Oct-77,69.88640
14-Oct-77,69.96564
21-Oct-77,69.61161
28-Oct-77,69.82045
04-Nov-77,69.65892
11-Nov-77,70.10734
18-Nov-77,69.79368
25-Nov-77,69.88833
02-Dec-77,69.81076
09-Dec-77,69.91038
16-Dec-77,70.07942
23-Dec-77,70.33635
30-Dec-77,70.29175
06-Jan-78,70.43556
13-Jan-78,70.49067
20-Jan-78,70.33515
27-Jan-78,70.19891
03-Feb-78,70.26978
10-Feb-78,70.20572
17-Feb-78,69.68397
24-Feb-78,70.19403
03-Mar-78,70.31185
10-Mar-78,70.28303
17-Mar-78,70.51807
24-Mar-78,70.70870
31-Mar-78,70.85465
07-Apr-78,70.78886
14-Apr-78,71.40900
21-Apr-78,71.45495
28-Apr-78,71.64196
05-May-78,71.60693
12-May-78,71.79994
19-May-78,71.72317
26-May-78,71.85355
02-Jun-78,71.97511
09-Jun-78,71.85925
16-Jun-78,72.09186
23-Jun-78,72.08934
30-Jun-78,72.01756
07-Jul-78,71.91609
14-Jul-78,72.19636
21-Jul-78,72.30601
28-Jul-78,72.37893
04-Aug-78,72.30272
11-Aug-78,72.71949
18-Aug-78,73.14865
25-Aug-78,73.25943
01-Sep-78,73.53514
08-Sep-78,73.36364
15-Sep-78,73.64931
22-Sep-78,73.68339
29-Sep-78,73.78132
06-Oct-78,73.56487
13-Oct-78,73.94848
20-Oct-78,73.37009
27-Oct-78,73.37359
03-Nov-78,73.22830
10-Nov-78,73.42689
17-Nov-78,72.59933
24-Nov-78,72.56367
01-Dec-78,72.34545
08-Dec-78,72.83358
15-Dec-78,72.75352
22-Dec-78,72.60697
29-Dec-78,72.44388
05-Jan-79,72.44557
12-Jan-79,72.16957
19-Jan-79,72.95998
26-Jan-79,72.92813
02-Feb-79,72.87250
09-Feb-79,72.89321
16-Feb-79,73.06397
23-Feb-79,73.22071
02-Mar-79,73.10080
09-Mar-79,73.13259
16-Mar-79,73.39503
23-Mar-79,73.61474
30-Mar-79,73.66526
06-Apr-79,72.61844
13-Apr-79,72.80482
20-Apr-79,73.47665
27-Apr-79,73.98141
04-May-79,73.92943
11-May-79,73.61272
18-May-79,73.27167
25-May-79,72.94708
01-Jun-79,73.12586
08-Jun-79,72.82889
15-Jun-79,73.10293
22-Jun-79,72.95826
29-Jun-79,73.03882
06-Jul-79,73.05767
13-Jul-79,73.33516
20-Jul-79,73.08780
27-Jul-79,73.18916
03-Aug-79,72.83414
10-Aug-79,73.12447
17-Aug-79,73.31042
24-Aug-79,73.35599
31-Aug-79,73.46088
07-Sep-79,73.57816
14-Sep-79,73.38171
21-Sep-79,73.22389
28-Sep-79,73.07697
05-Oct-79,72.82083
12-Oct-79,72.99493
19-Oct-79,72.21952
26-Oct-79,72.33730
02-Nov-79,72.00507
09-Nov-79,71.77839
16-Nov-79,71.52479
23-Nov-79,71.70867
30-Nov-79,71.34700
07-Dec-79,71.45232
14-Dec-79,71.63050
21-Dec-79,70.82818
28-Dec-79,71.11336
04-Jan-80,71.40231
11-Jan-80,71.49328
18-Jan-80,71.37507
25-Jan-80,71.93375
01-Feb-80,72.06562
08-Feb-80,71.85228
15-Feb-80,71.91663
22-Feb-80,72.08486
29-Feb-80,71.89698
07-Mar-80,71.04016
14-Mar-80,69.97887
21-Mar-80,69.44325
28-Mar-80,68.73623
04-Apr-80,68.44339
11-Apr-80,67.44554
18-Apr-80,67.13294
25-Apr-80,66.99065
02-May-80,66.89988
09-May-80,66.80258
16-May-80,66.75956
23-May-80,66.77088
30-May-80,66.75052
06-Jun-80,67.12242
13-Jun-80,67.12160
20-Jun-80,67.21938
27-Jun-80,67.49442
04-Jul-80,67.96534
11-Jul-80,68.64759
18-Jul-80,68.57834
25-Jul-80,68.81267
01-Aug-80,69.18114
08-Aug-80,69.36995
15-Aug-80,69.72477
22-Aug-80,69.91872
29-Aug-80,70.37132
05-Sep-80,69.71996
12-Sep-80,69.89814
19-Sep-80,70.35157
26-Sep-80,70.52064
03-Oct-80,70.03977
10-Oct-80,70.12156
17-Oct-80,70.52200
24-Oct-80,70.65475
31-Oct-80,70.81256
07-Nov-80,71.26258
14-Nov-80,71.16793
21-Nov-80,71.81344
28-Nov-80,71.50244
05-Dec-80,71.35653
12-Dec-80,70.72627
19-Dec-80,70.58735
26-Dec-80,70.29854
02-Jan-81,70.30885
09-Jan-81,70.31799
16-Jan-81,70.32823
23-Jan-81,70.43929
30-Jan-81,70.00556
06-Feb-81,69.89293
13-Feb-81,70.10537
20-Feb-81,69.80170
27-Feb-81,70.01467
06-Mar-81,70.46178
13-Mar-81,70.44929
20-Mar-81,70.77440
27-Mar-81,71.29056
03-Apr-81,71.39805
10-Apr-81,71.77944
17-Apr-81,71.81356
24-Apr-81,71.48858
01-May-81,71.71947
08-May-81,71.64579
15-May-81,71.55657
22-May-81,71.16737
29-May-81,71.05764
05-Jun-81,70.90949
12-Jun-81,70.81656
19-Jun-81,70.63255
26-Jun-81,70.64610
03-Jul-81,70.42932
10-Jul-81,70.64144
17-Jul-81,70.59567
24-Jul-81,70.90897
31-Jul-81,70.39791
07-Aug-81,70.99651
14-Aug-81,71.09990
21-Aug-81,71.25737
28-Aug-81,70.90166
04-Sep-81,70.30974
11-Sep-81,69.98990
18-Sep-81,69.56559
25-Sep-81,69.34390
02-Oct-81,69.31114
09-Oct-81,69.21087
16-Oct-81,69.24388
23-Oct-81,69.38930
30-Oct-81,69.04586
06-Nov-81,68.88353
13-Nov-81,68.65796
20-Nov-81,69.11097
27-Nov-81,68.69781
04-Dec-81,68.89587
11-Dec-81,68.93291
18-Dec-81,68.78379
25-Dec-81,68.80417
01-Jan-82,69.05488
08-Jan-82,68.80049
15-Jan-82,69.14524
22-Jan-82,68.59139
29-Jan-82,68.27621
05-Feb-82,68.66057
12-Feb-82,68.83837
19-Feb-82,68.18870
26-Feb-82,68.25037
05-Mar-82,67.96784
12-Mar-82,68.14069
19-Mar-82,68.03563
26-Mar-82,68.11169
02-Apr-82,68.20796
09-Apr-82,68.36896
16-Apr-82,68.27576
23-Apr-82,68.35418
30-Apr-82,68.47074
07-May-82,68.32567
14-May-82,68.47900
21-May-82,68.26591
28-May-82,68.18936
04-Jun-82,67.98622
11-Jun-82,67.79187
18-Jun-82,68.05038
25-Jun-82,68.14626
02-Jul-82,67.95959
09-Jul-82,68.02207
16-Jul-82,67.98086
23-Jul-82,68.16029
30-Jul-82,67.70020
06-Aug-82,67.54374
13-Aug-82,67.13131
20-Aug-82,67.34991
27-Aug-82,68.09463
03-Sep-82,68.59079
10-Sep-82,68.83717
17-Sep-82,68.62891
24-Sep-82,68.47647
01-Oct-82,68.20737
08-Oct-82,68.53527
15-Oct-82,69.07024
22-Oct-82,69.62409
29-Oct-82,69.47970
05-Nov-82,69.93098
12-Nov-82,70.02692
19-Nov-82,70.26579
26-Nov-82,69.90986
03-Dec-82,70.59195
10-Dec-82,70.86286
17-Dec-82,70.72790
24-Dec-82,71.25786
31-Dec-82,71.09284
07-Jan-83,71.69415
14-Jan-83,72.72372
21-Jan-83,73.27773
28-Jan-83,73.32191
04-Feb-83,73.88024
11-Feb-83,74.45909
18-Feb-83,74.64225
25-Feb-83,74.75589
04-Mar-83,75.00834
11-Mar-83,75.65515
18-Mar-83,75.72672
25-Mar-83,75.94171
01-Apr-83,75.95643
08-Apr-83,76.02733
15-Apr-83,76.12798
22-Apr-83,76.55909
29-Apr-83,76.75472
06-May-83,77.05245
13-May-83,77.53900
20-May-83,77.56767
27-May-83,77.56842
03-Jun-83,77.50956
10-Jun-83,77.80269
17-Jun-83,78.08860
24-Jun-83,78.21581
01-Jul-83,78.41931
08-Jul-83,78.84912
15-Jul-83,79.22988
22-Jul-83,79.29025
29-Jul-83,79.27545
05-Aug-83,79.11077
12-Aug-83,78.53944
19-Aug-83,78.60482
26-Aug-83,78.73284
02-Sep-83,79.14206
09-Sep-83,79.32146
16-Sep-83,79.17991
23-Sep-83,79.15477
30-Sep-83,79.10851
07-Oct-83,79.19112
14-Oct-83,79.76193
21-Oct-83,79.48682
28-Oct-83,79.36821
04-Nov-83,79.38983
11-Nov-83,79.35496
18-Nov-83,79.33214
25-Nov-83,79.15430
02-Dec-83,79.54803
09-Dec-83,79.61445
16-Dec-83,79.61483
23-Dec-83,79.27973
30-Dec-83,79.36086
06-Jan-84,79.75413
13-Jan-84,79.88173
20-Jan-84,80.14785
27-Jan-84,79.68404
03-Feb-84,79.90932
10-Feb-84,80.12488
17-Feb-84,80.31773
24-Feb-84,79.43417
02-Mar-84,79.28137
09-Mar-84,79.61692
16-Mar-84,79.93767
23-Mar-84,80.25336
30-Mar-84,80.45069
06-Apr-84,79.88820
13-Apr-84,79.95580
20-Apr-84,79.85063
27-Apr-84,79.71441
04-May-84,79.93519
11-May-84,79.96630
18-May-84,80.11204
25-May-84,79.73874
01-Jun-84,79.66461
08-Jun-84,79.42353
15-Jun-84,79.24649
22-Jun-84,79.31969
29-Jun-84,79.32100
06-Jul-84,79.08079
13-Jul-84,78.85783
20-Jul-84,78.67950
27-Jul-84,78.41230
03-Aug-84,78.34521
10-Aug-84,78.93621
17-Aug-84,78.74908
24-Aug-84,78.99462
31-Aug-84,79.22905
07-Sep-84,79.02618
14-Sep-84,79.18703
21-Sep-84,79.29322
28-Sep-84,79.33437
05-Oct-84,79.35718
12-Oct-84,79.15913
19-Oct-84,79.10508
26-Oct-84,79.17062
02-Nov-84,79.33126
09-Nov-84,79.90264
16-Nov-84,80.05683
23-Nov-84,79.33113
30-Nov-84,79.79369
07-Dec-84,79.91728
14-Dec-84,79.98018
21-Dec-84,80.09331
28-Dec-84,80.13885
04-Jan-85,80.52014
11-Jan-85,80.33113
18-Jan-85,81.02046
25-Jan-85,81.06847
01-Feb-85,81.00420
08-Feb-85,81.16438
15-Feb-85,81.34961
22-Feb-85,81.45080
01-Mar-85,81.45413
08-Mar-85,81.19098
15-Mar-85,80.92819
22-Mar-85,81.09448
29-Mar-85,80.96385
05-Apr-85,80.95293
12-Apr-85,80.72167
19-Apr-85,81.05659
26-Apr-85,81.35828
03-May-85,81.18446
10-May-85,81.13429
17-May-85,81.28208
24-May-85,81.43667
31-May-85,81.79371
07-Jun-85,81.83501
14-Jun-85,82.28812
21-Jun-85,82.25732
28-Jun-85,82.52971
05-Jul-85,82.50025
12-Jul-85,82.69933
19-Jul-85,83.27811
26-Jul-85,83.54226
02-Aug-85,82.77821
09-Aug-85,82.66851
16-Aug-85,82.54605
23-Aug-85,82.38657
30-Aug-85,82.47583
06-Sep-85,82.29282
13-Sep-85,82.42930
20-Sep-85,82.26514
27-Sep-85,82.22253
04-Oct-85,82.48260
11-Oct-85,82.67697
18-Oct-85,82.69733
25-Oct-85,82.66985
01-Nov-85,82.93820
08-Nov-85,83.06614
15-Nov-85,83.26019
22-Nov-85,83.54303
29-Nov-85,83.58534
06-Dec-85,83.57498
13-Dec-85,83.85244
20-Dec-85,84.39593
27-Dec-85,84.23246
03-Jan-86,84.70850
10-Jan-86,84.49786
17-Jan-86,84.81619
24-Jan-86,84.74119
31-Jan-86,84.51332
07-Feb-86,84.53707
14-Feb-86,84.61228
21-Feb-86,84.27857
28-Feb-86,84.76755
07-Mar-86,84.92434
14-Mar-86,84.74692
21-Mar-86,85.01232
28-Mar-86,84.88283
04-Apr-86,84.93382
11-Apr-86,84.99555
18-Apr-86,85.14488
25-Apr-86,85.65355
02-May-86,85.53443
09-May-86,85.71800
16-May-86,86.17773
23-May-86,86.36017
30-May-86,86.83878
06-Jun-86,87.01844
13-Jun-86,86.78298
20-Jun-86,86.82703
27-Jun-86,86.94176
04-Jul-86,86.97795
11-Jul-86,86.76232
18-Jul-86,86.59005
25-Jul-86,86.54892
01-Aug-86,85.84484
08-Aug-86,85.55560
15-Aug-86,85.75404
22-Aug-86,86.08889
29-Aug-86,86.27621
05-Sep-86,86.69534
12-Sep-86,86.73041
19-Sep-86,86.61759
26-Sep-86,87.02226
03-Oct-86,86.92918
10-Oct-86,86.93094
17-Oct-86,87.40318
24-Oct-86,87.76364
31-Oct-86,87.90514
07-Nov-86,88.38446
14-Nov-86,88.14288
21-Nov-86,88.13531
28-Nov-86,88.31502
05-Dec-86,88.71894
12-Dec-86,88.55726
19-Dec-86,89.21458
26-Dec-86,89.47322
02-Jan-87,90.31708
09-Jan-87,90.73259
16-Jan-87,91.33107
23-Jan-87,91.38701
30-Jan-87,91.33767
06-Feb-87,91.53437
13-Feb-87,92.14741
20-Feb-87,92.24055
27-Feb-87,92.02880
06-Mar-87,92.35457
13-Mar-87,92.56614
20-Mar-87,92.69295
27-Mar-87,93.04280
03-Apr-87,93.24833
10-Apr-87,93.47536
17-Apr-87,93.06650
24-Apr-87,93.69558
01-May-87,93.42653
08-May-87,94.07491
15-May-87,93.79316
22-May-87,93.52571
29-May-87,93.58042
05-Jun-87,93.62779
12-Jun-87,93.84144
19-Jun-87,93.87153
26-Jun-87,93.88370
03-Jul-87,93.76888
10-Jul-87,94.09231
17-Jul-87,94.18299
24-Jul-87,93.78616
31-Jul-87,93.35945
07-Aug-87,93.85058
14-Aug-87,94.32479
21-Aug-87,94.28878
28-Aug-87,94.09031
04-Sep-87,94.01497
11-Sep-87,94.06998
18-Sep-87,93.63604
25-Sep-87,93.52415
02-Oct-87,93.83241
09-Oct-87,93.57335
16-Oct-87,93.33142
23-Oct-87,90.34583
30-Oct-87,90.54879
06-Nov-87,90.60178
13-Nov-87,90.00051
20-Nov-87,89.59386
27-Nov-87,89.78965
04-Dec-87,89.02927
11-Dec-87,89.24628
18-Dec-87,89.21723
25-Dec-87,89.48654
01-Jan-88,89.54543
08-Jan-88,89.69112
15-Jan-88,88.97680
22-Jan-88,89.35219
29-Jan-88,89.45983
05-Feb-88,89.73230
12-Feb-88,90.01456
19-Feb-88,90.15752
26-Feb-88,90.35558
04-Mar-88,90.68730
11-Mar-88,91.00193
18-Mar-88,91.08202
25-Mar-88,91.29092
01-Apr-88,91.02060
08-Apr-88,90.87804
15-Apr-88,90.83250
22-Apr-88,90.48842
29-Apr-88,90.75975
06-May-88,90.77089
13-May-88,90.74483
20-May-88,90.81815
27-May-88,90.94289
03-Jun-88,91.35133
10-Jun-88,91.66775
17-Jun-88,91.81466
24-Jun-88,92.16343
01-Jul-88,91.71212
08-Jul-88,91.71424
15-Jul-88,91.50936
22-Jul-88,90.89113
29-Jul-88,91.10474
05-Aug-88,91.50832
12-Aug-88,91.65618
19-Aug-88,91.61269
26-Aug-88,91.56420
02-Sep-88,91.55287
09-Sep-88,91.35775
16-Sep-88,91.62827
23-Sep-88,92.35749
30-Sep-88,92.81309
07-Oct-88,92.79437
14-Oct-88,93.01820
21-Oct-88,93.45852
28-Oct-88,93.41080
04-Nov-88,93.65487
11-Nov-88,93.70264
18-Nov-88,93.10178
25-Nov-88,93.05602
02-Dec-88,93.30493
09-Dec-88,93.80090
16-Dec-88,93.78752
23-Dec-88,93.76942
30-Dec-88,93.62476
06-Jan-89,93.75876
13-Jan-89,94.12822
20-Jan-89,94.33963
27-Jan-89,94.09748
03-Feb-89,94.11735
10-Feb-89,93.56597
17-Feb-89,93.72585
24-Feb-89,93.80242
03-Mar-89,93.29976
10-Mar-89,93.55626
17-Mar-89,93.75866
24-Mar-89,93.69721
31-Mar-89,93.56232
07-Apr-89,93.77988
14-Apr-89,94.10580
21-Apr-89,94.38356
28-Apr-89,94.43980
05-May-89,94.21481
12-May-89,93.87404
19-May-89,94.19338
26-May-89,94.04096
02-Jun-89,94.04267
09-Jun-89,94.04485
16-Jun-89,94.21204
23-Jun-89,94.27416
30-Jun-89,94.04567
07-Jul-89,94.23367
14-Jul-89,94.58038
21-Jul-89,95.05375
28-Jul-89,95.06889
04-Aug-89,95.22005
11-Aug-89,95.62201
18-Aug-89,96.14014
25-Aug-89,96.30361
01-Sep-89,96.61052
08-Sep-89,96.47171
15-Sep-89,96.62549
22-Sep-89,96.90632
29-Sep-89,96.94774
06-Oct-89,96.34777
13-Oct-89,97.22890
20-Oct-89,97.16377
27-Oct-89,96.80802
03-Nov-89,97.10744
10-Nov-89,96.95863
17-Nov-89,96.89856
24-Nov-89,96.64804
01-Dec-89,96.66709
08-Dec-89,96.74177
15-Dec-89,96.40823
22-Dec-89,95.82686
29-Dec-89,96.63951
05-Jan-90,95.15083
12-Jan-90,95.03817
19-Jan-90,96.31176
26-Jan-90,96.78736
02-Feb-90,95.36457
09-Feb-90,95.23708
16-Feb-90,95.37063
23-Feb-90,97.19638
02-Mar-90,95.56960
09-Mar-90,95.36421
16-Mar-90,95.39398
23-Mar-90,96.44637
30-Mar-90,96.38339
06-Apr-90,95.17974
13-Apr-90,97.46759
20-Apr-90,94.91460
27-Apr-90,94.73762
04-May-90,94.61728
11-May-90,94.89448
18-May-90,95.20414
25-May-90,95.50599
01-Jun-90,96.23563
08-Jun-90,96.30220
15-Jun-90,95.67820
22-Jun-90,94.72429
29-Jun-90,95.03655
06-Jul-90,96.18912
13-Jul-90,95.02150
20-Jul-90,95.32344
27-Jul-90,95.07863
03-Aug-90,95.68113
10-Aug-90,96.22443
17-Aug-90,94.43084
24-Aug-90,94.78702
31-Aug-90,93.42978
07-Sep-90,93.43801
14-Sep-90,93.92808
21-Sep-90,93.63264
28-Sep-90,92.85246
05-Oct-90,93.00022
12-Oct-90,92.61193
19-Oct-90,90.05345
26-Oct-90,90.64591
02-Nov-90,91.48890
09-Nov-90,91.30032
16-Nov-90,91.24653
23-Nov-90,90.72263
30-Nov-90,92.29165
07-Dec-90,91.82706
14-Dec-90,92.11872
21-Dec-90,90.87486
28-Dec-90,88.44286
04-Jan-91,90.32798
11-Jan-91,93.25134
18-Jan-91,92.18272
25-Jan-91,91.18429
01-Feb-91,90.89019
08-Feb-91,92.00894
15-Feb-91,93.28789
22-Feb-91,96.18073
01-Mar-91,94.47388
08-Mar-91,93.83749
15-Mar-91,94.47957
22-Mar-91,95.34574
29-Mar-91,97.37003
05-Apr-91,95.61693
12-Apr-91,95.88170
19-Apr-91,96.29764
26-Apr-91,96.77785
03-May-91,96.24161
10-May-91,96.97828
17-May-91,97.04151
24-May-91,97.30971
31-May-91,98.16735
07-Jun-91,97.94316
14-Jun-91,96.92088
21-Jun-91,96.84746
28-Jun-91,96.99274
05-Jul-91,97.83305
12-Jul-91,97.09228
19-Jul-91,98.48821
26-Jul-91,96.56956
02-Aug-91,96.47882
09-Aug-91,96.25756
16-Aug-91,96.13230
23-Aug-91,96.72398
30-Aug-91,97.23065
06-Sep-91,96.71691
13-Sep-91,97.02144
20-Sep-91,96.51174
27-Sep-91,96.90935
04-Oct-91,96.61484
11-Oct-91,98.01978
18-Oct-91,97.26574
25-Oct-91,97.21156
01-Nov-91,96.05357
08-Nov-91,96.35539
15-Nov-91,97.15210
22-Nov-91,96.28998
29-Nov-91,95.23224
06-Dec-91,95.97612
13-Dec-91,96.50232
20-Dec-91,95.95949
27-Dec-91,94.05100
03-Jan-92,95.60786
10-Jan-92,97.75489
17-Jan-92,99.69377
24-Jan-92,99.71401
31-Jan-92,100.39085
07-Feb-92,99.69355
14-Feb-92,99.77429
21-Feb-92,99.53327
28-Feb-92,97.51275
06-Mar-92,98.72455
13-Mar-92,98.82255
20-Mar-92,98.50343
27-Mar-92,99.16504
03-Apr-92,98.20042
10-Apr-92,98.42336
17-Apr-92,100.84387
24-Apr-92,98.84589
01-May-92,98.86701
08-May-92,99.13975
15-May-92,99.13868
22-May-92,99.42897
29-May-92,100.82578
05-Jun-92,99.45550
12-Jun-92,99.35930
19-Jun-92,99.31035
26-Jun-92,98.97217
03-Jul-92,99.93741
10-Jul-92,99.00076
17-Jul-92,101.40624
24-Jul-92,98.97789
31-Jul-92,101.72406
07-Aug-92,100.48350
14-Aug-92,101.05072
21-Aug-92,101.61694
28-Aug-92,101.20810
04-Sep-92,101.00388
11-Sep-92,102.21930
18-Sep-92,101.24946
25-Sep-92,100.07259
02-Oct-92,100.09558
09-Oct-92,99.94406
16-Oct-92,100.03720
23-Oct-92,101.44111
30-Oct-92,101.52229
06-Nov-92,102.19258
13-Nov-92,100.76955
20-Nov-92,101.76247
27-Nov-92,99.33865
04-Dec-92,101.63970
11-Dec-92,102.45217
18-Dec-92,101.73805
25-Dec-92,101.41388
01-Jan-93,103.86106
08-Jan-93,100.39355
15-Jan-93,100.91039
22-Jan-93,101.08279
29-Jan-93,102.21303
05-Feb-93,102.46958
12-Feb-93,102.57727
19-Feb-93,104.33549
26-Feb-93,101.46416
05-Mar-93,102.00342
12-Mar-93,102.74722
19-Mar-93,102.85598
26-Mar-93,103.09363
02-Apr-93,102.73698
09-Apr-93,104.04729
16-Apr-93,102.61178
23-Apr-93,102.42079
30-Apr-93,103.35010
07-May-93,102.09676
14-May-93,102.49301
21-May-93,102.42876
28-May-93,102.85682
04-Jun-93,103.96159
11-Jun-93,103.08731
18-Jun-93,103.28041
25-Jun-93,102.72715
02-Jul-93,103.59018
09-Jul-93,104.46091
16-Jul-93,103.35781
23-Jul-93,103.18761
30-Jul-93,103.15320
06-Aug-93,103.67678
13-Aug-93,103.92859
20-Aug-93,103.86478
27-Aug-93,104.38337
03-Sep-93,105.48462
10-Sep-93,105.68534
17-Sep-93,105.73915
24-Sep-93,104.76528
01-Oct-93,104.72630
08-Oct-93,104.08524
15-Oct-93,104.93837
22-Oct-93,104.99744
29-Oct-93,104.73954
05-Nov-93,105.44145
12-Nov-93,105.36584
19-Nov-93,106.19147
26-Nov-93,103.52074
03-Dec-93,105.86662
10-Dec-93,106.17098
17-Dec-93,105.49064
24-Dec-93,103.39050
31-Dec-93,104.10608
07-Jan-94,102.42104
14-Jan-94,105.08694
21-Jan-94,104.08351
28-Jan-94,104.21203
04-Feb-94,105.94646
11-Feb-94,104.80409
18-Feb-94,105.02963
25-Feb-94,107.75087
04-Mar-94,105.71354
11-Mar-94,105.35663
18-Mar-94,105.51276
25-Mar-94,106.60154
01-Apr-94,107.92143
08-Apr-94,104.75230
15-Apr-94,104.70307
22-Apr-94,105.87302
29-Apr-94,105.46770
06-May-94,105.01074
13-May-94,105.16215
20-May-94,105.88515
27-May-94,105.13523
03-Jun-94,105.41702
10-Jun-94,105.60895
17-Jun-94,105.51308
24-Jun-94,104.90546
01-Jul-94,105.24682
08-Jul-94,105.31000
15-Jul-94,104.63592
22-Jul-94,105.75970
29-Jul-94,105.61263
05-Aug-94,105.96770
12-Aug-94,105.58025
19-Aug-94,106.62513
26-Aug-94,105.32691
02-Sep-94,105.85995
09-Sep-94,106.13971
16-Sep-94,105.93303
23-Sep-94,105.99904
30-Sep-94,106.00355
07-Oct-94,105.51196
14-Oct-94,105.16019
21-Oct-94,105.34319
28-Oct-94,105.21388
04-Nov-94,105.81072
11-Nov-94,105.40252
18-Nov-94,107.47712
25-Nov-94,103.55827
02-Dec-94,106.08514
09-Dec-94,105.97273
16-Dec-94,105.54854
23-Dec-94,104.28635
30-Dec-94,103.02655
06-Jan-95,104.67407
13-Jan-95,104.54468
20-Jan-95,105.41546
27-Jan-95,105.96112
03-Feb-95,106.73442
10-Feb-95,104.47522
17-Feb-95,103.56077
24-Feb-95,106.41700
03-Mar-95,104.72276
10-Mar-95,104.68544
17-Mar-95,105.55877
24-Mar-95,105.51433
31-Mar-95,106.10791
07-Apr-95,105.38409
14-Apr-95,107.57062
21-Apr-95,105.61119
28-Apr-95,106.11366
05-May-95,106.29806
12-May-95,107.71878
19-May-95,106.55597
26-May-95,106.75359
02-Jun-95,108.49287
09-Jun-95,108.53490
16-Jun-95,107.47925
23-Jun-95,107.29305
30-Jun-95,107.87900
07-Jul-95,106.83795
14-Jul-95,107.94443
21-Jul-95,107.39870
28-Jul-95,107.39066
04-Aug-95,107.77454
11-Aug-95,107.75700
18-Aug-95,107.50386
25-Aug-95,108.01172
01-Sep-95,109.53466
08-Sep-95,109.45271
15-Sep-95,109.19221
22-Sep-95,110.43901
29-Sep-95,109.56782
06-Oct-95,109.13992
13-Oct-95,109.31429
20-Oct-95,109.80721
27-Oct-95,109.38512
03-Nov-95,109.05043
10-Nov-95,110.13698
17-Nov-95,110.05256
24-Nov-95,108.92874
01-Dec-95,110.30540
08-Dec-95,111.63363
15-Dec-95,110.46269
22-Dec-95,111.46216
29-Dec-95,111.33489
05-Jan-96,109.93974
12-Jan-96,110.12219
19-Jan-96,109.02991
26-Jan-96,110.10194
02-Feb-96,109.34354
09-Feb-96,109.27843
16-Feb-96,110.31994
23-Feb-96,111.70014
01-Mar-96,110.78373
08-Mar-96,110.65806
15-Mar-96,110.30919
22-Mar-96,109.47038
29-Mar-96,111.61553
05-Apr-96,111.88779
12-Apr-96,110.69052
19-Apr-96,111.20794
26-Apr-96,112.00766
03-May-96,113.62395
10-May-96,111.76765
17-May-96,112.48930
24-May-96,112.82591
31-May-96,114.20776
07-Jun-96,112.64930
14-Jun-96,112.55842
21-Jun-96,112.09395
28-Jun-96,112.96800
05-Jul-96,113.24366
12-Jul-96,111.24673
19-Jul-96,112.12558
26-Jul-96,111.80541
02-Aug-96,112.52739
09-Aug-96,112.07818
16-Aug-96,112.08115
23-Aug-96,112.05260
30-Aug-96,113.14599
06-Sep-96,112.79990
13-Sep-96,112.55913
20-Sep-96,112.95860
27-Sep-96,112.55792
04-Oct-96,112.87474
11-Oct-96,113.51242
18-Oct-96,113.07291
25-Oct-96,112.80075
01-Nov-96,113.60781
08-Nov-96,114.07127
15-Nov-96,114.26023
22-Nov-96,114.60122
29-Nov-96,116.16703
06-Dec-96,115.56305
13-Dec-96,115.00398
20-Dec-96,114.01920
27-Dec-96,112.97917
03-Jan-97,115.26652
10-Jan-97,114.91206
17-Jan-97,115.09142
24-Jan-97,114.94647
31-Jan-97,114.73029
07-Feb-97,115.34570
14-Feb-97,114.95939
21-Feb-97,116.57119
28-Feb-97,115.53926
07-Mar-97,114.90571
14-Mar-97,115.62076
21-Mar-97,115.72319
28-Mar-97,117.75751
04-Apr-97,113.72167
11-Apr-97,113.62421
18-Apr-97,114.04113
25-Apr-97,114.00161
02-May-97,114.14484
09-May-97,115.88738
16-May-97,115.64009
23-May-97,115.76107
30-May-97,115.62426
06-Jun-97,116.33365
13-Jun-97,116.87389
20-Jun-97,117.33364
27-Jun-97,117.21383
04-Jul-97,117.51749
11-Jul-97,118.01642
18-Jul-97,118.63360
25-Jul-97,118.73296
01-Aug-97,119.11406
08-Aug-97,119.55985
15-Aug-97,118.62922
22-Aug-97,119.16264
29-Aug-97,118.66708
05-Sep-97,119.77416
12-Sep-97,119.58837
19-Sep-97,120.02564
26-Sep-97,119.58192
03-Oct-97,119.93817
10-Oct-97,120.89214
17-Oct-97,119.24135
24-Oct-97,119.56734
31-Oct-97,119.81884
07-Nov-97,118.99880
14-Nov-97,119.40409
21-Nov-97,119.78820
28-Nov-97,120.24045
05-Dec-97,120.14672
12-Dec-97,119.60827
19-Dec-97,118.82456
26-Dec-97,119.09693
02-Jan-98,119.56705
09-Jan-98,119.89382
16-Jan-98,119.64058
23-Jan-98,121.65732
30-Jan-98,119.67336
06-Feb-98,120.00045
13-Feb-98,119.03362
20-Feb-98,120.24961
27-Feb-98,119.49339
06-Mar-98,120.41174
13-Mar-98,120.16408
20-Mar-98,121.12580
27-Mar-98,121.29008
03-Apr-98,122.32741
10-Apr-98,124.08699
17-Apr-98,121.70546
24-Apr-98,122.58155
01-May-98,123.93603
08-May-98,123.87328
15-May-98,122.73253
22-May-98,122.46157
29-May-98,122.43016
05-Jun-98,123.54305
12-Jun-98,122.80261
19-Jun-98,122.19793
26-Jun-98,120.56047
03-Jul-98,122.45866
10-Jul-98,122.78252
17-Jul-98,122.54845
24-Jul-98,121.88917
31-Jul-98,121.86301
07-Aug-98,121.15297
14-Aug-98,120.85477
21-Aug-98,120.45558
28-Aug-98,119.99425
04-Sep-98,119.63215
11-Sep-98,119.73701
18-Sep-98,118.81127
25-Sep-98,118.73888
02-Oct-98,118.41082
09-Oct-98,118.52697
16-Oct-98,117.51631
23-Oct-98,118.49770
30-Oct-98,117.28725
06-Nov-98,119.43247
13-Nov-98,119.64093
20-Nov-98,119.49334
27-Nov-98,120.94232
04-Dec-98,120.08864
11-Dec-98,120.06328
18-Dec-98,119.98083
25-Dec-98,120.15777
01-Jan-99,119.28830
08-Jan-99,119.65926
15-Jan-99,120.69407
22-Jan-99,121.34139
29-Jan-99,121.21647
05-Feb-99,121.32311
12-Feb-99,120.05961
19-Feb-99,120.38736
26-Feb-99,122.02380
05-Mar-99,121.59583
12-Mar-99,121.03335
19-Mar-99,121.65091
26-Mar-99,121.79841
02-Apr-99,121.99973
09-Apr-99,121.62999
16-Apr-99,123.62423
23-Apr-99,124.30807
30-Apr-99,125.47329
07-May-99,125.13709
14-May-99,125.06535
21-May-99,125.65712
28-May-99,125.18077
04-Jun-99,125.84109
11-Jun-99,127.10918
18-Jun-99,126.31592
25-Jun-99,126.44581
02-Jul-99,127.35033
09-Jul-99,126.31794
16-Jul-99,126.05777
23-Jul-99,125.48866
30-Jul-99,126.44283
06-Aug-99,125.70265
13-Aug-99,125.64584
20-Aug-99,125.80576
27-Aug-99,126.09466
03-Sep-99,124.24928
10-Sep-99,125.54492
17-Sep-99,125.00282
24-Sep-99,123.72443
01-Oct-99,124.28520
08-Oct-99,124.08003
15-Oct-99,124.26795
22-Oct-99,123.64874
29-Oct-99,124.70801
05-Nov-99,124.88278
12-Nov-99,126.44700
19-Nov-99,127.81527
26-Nov-99,126.97002
03-Dec-99,126.70152
10-Dec-99,127.43672
17-Dec-99,126.98967
24-Dec-99,126.56341
31-Dec-99,126.02337
07-Jan-00,126.52747
14-Jan-00,128.35994
21-Jan-00,128.56942
28-Jan-00,128.92113
04-Feb-00,128.47662
11-Feb-00,127.15421
18-Feb-00,126.63057
25-Feb-00,126.48918
03-Mar-00,126.84408
10-Mar-00,127.38560
17-Mar-00,127.29455
24-Mar-00,128.53947
31-Mar-00,127.96861
07-Apr-00,128.07601
14-Apr-00,127.47937
21-Apr-00,126.88830
28-Apr-00,126.60268
05-May-00,126.66776
12-May-00,125.66209
19-May-00,126.41195
26-May-00,125.24992
02-Jun-00,126.22102
09-Jun-00,125.90402
16-Jun-00,125.54247
23-Jun-00,125.31875
30-Jun-00,125.81017
07-Jul-00,124.90790
14-Jul-00,126.10932
21-Jul-00,125.73683
28-Jul-00,125.26697
04-Aug-00,125.75372
11-Aug-00,125.46083
18-Aug-00,124.81469
25-Aug-00,125.38594
01-Sep-00,126.03099
08-Sep-00,126.48658
15-Sep-00,126.25408
22-Sep-00,126.42899
29-Sep-00,126.71344
06-Oct-00,125.35841
13-Oct-00,124.86188
20-Oct-00,124.05586
27-Oct-00,123.68576
03-Nov-00,123.12140
10-Nov-00,123.80474
17-Nov-00,122.45950
24-Nov-00,121.24533
01-Dec-00,122.50958
08-Dec-00,123.19179
15-Dec-00,121.15209
22-Dec-00,119.81265
29-Dec-00,118.05424
05-Jan-01,120.93302
12-Jan-01,123.07764
19-Jan-01,123.26150
26-Jan-01,122.14424
02-Feb-01,122.04015
09-Feb-01,120.66861
16-Feb-01,120.00190
23-Feb-01,119.24461
02-Mar-01,119.87269
09-Mar-01,118.98340
16-Mar-01,118.15606
23-Mar-01,117.27509
30-Mar-01,117.43065
06-Apr-01,117.39585
13-Apr-01,118.22589
20-Apr-01,118.61621
27-Apr-01,119.48267
04-May-01,120.59756
11-May-01,120.54500
18-May-01,119.95104
25-May-01,120.60309
01-Jun-01,121.33121
08-Jun-01,121.35363
15-Jun-01,120.74713
22-Jun-01,120.03334
29-Jun-01,119.60662
06-Jul-01,119.11201
13-Jul-01,119.07881
20-Jul-01,119.58673
27-Jul-01,119.19545
03-Aug-01,119.32517
10-Aug-01,118.56994
17-Aug-01,117.93401
24-Aug-01,117.98177
31-Aug-01,118.36728
07-Sep-01,117.55214
14-Sep-01,115.88629
21-Sep-01,114.70109
28-Sep-01,113.38697
05-Oct-01,112.84632
12-Oct-01,113.36921
19-Oct-01,112.59074
26-Oct-01,112.64719
02-Nov-01,114.75322
09-Nov-01,114.48378
16-Nov-01,115.67545
23-Nov-01,116.18137
30-Nov-01,117.55529
07-Dec-01,118.65209
14-Dec-01,118.50656
21-Dec-01,120.03370
28-Dec-01,118.15388
04-Jan-02,121.12443
11-Jan-02,120.21901
18-Jan-02,120.74732
25-Jan-02,119.38750
01-Feb-02,119.97585
08-Feb-02,118.93734
15-Feb-02,118.58046
22-Feb-02,119.14752
01-Mar-02,120.52377
08-Mar-02,120.95523
15-Mar-02,121.68247
22-Mar-02,122.13376
29-Mar-02,121.56497
05-Apr-02,121.57270
12-Apr-02,121.42101
19-Apr-02,122.30801
26-Apr-02,122.76116
03-May-02,122.88426
10-May-02,121.99325
17-May-02,121.92785
24-May-02,121.98696
31-May-02,124.10913
07-Jun-02,122.18019
14-Jun-02,122.11867
21-Jun-02,123.45148
28-Jun-02,122.68378
05-Jul-02,122.80572
12-Jul-02,121.00285
19-Jul-02,119.66276
26-Jul-02,118.37724
02-Aug-02,119.64242
09-Aug-02,118.43987
16-Aug-02,118.98161
23-Aug-02,119.03486
30-Aug-02,119.38563
06-Sep-02,118.97507
13-Sep-02,118.23151
20-Sep-02,117.83578
27-Sep-02,116.84160
04-Oct-02,116.42397
11-Oct-02,115.27167
18-Oct-02,117.04271
25-Oct-02,116.87768
01-Nov-02,117.66947
08-Nov-02,117.26398
15-Nov-02,117.70253
22-Nov-02,118.82927
29-Nov-02,120.52470
06-Dec-02,119.12581
13-Dec-02,119.22884
20-Dec-02,119.78602
27-Dec-02,118.54762
03-Jan-03,119.91313
10-Jan-03,120.58889
17-Jan-03,120.37504
24-Jan-03,120.28340
31-Jan-03,120.48478
07-Feb-03,119.84347
14-Feb-03,119.45411
21-Feb-03,118.95834
28-Feb-03,119.87405
07-Mar-03,119.36491
14-Mar-03,118.77605
21-Mar-03,121.00683
28-Mar-03,119.84867
04-Apr-03,121.02659
11-Apr-03,120.52625
18-Apr-03,120.33091
25-Apr-03,120.65867
02-May-03,122.88224
09-May-03,123.45399
16-May-03,122.84899
23-May-03,122.90270
30-May-03,124.67695
06-Jun-03,124.20030
13-Jun-03,124.59955
20-Jun-03,125.20889
27-Jun-03,125.42676
04-Jul-03,125.14776
11-Jul-03,127.12012
18-Jul-03,127.42953
25-Jul-03,127.39966
01-Aug-03,128.20804
08-Aug-03,127.29570
15-Aug-03,127.28084
22-Aug-03,127.70734
29-Aug-03,127.91772
05-Sep-03,128.43146
12-Sep-03,129.21645
19-Sep-03,128.56621
26-Sep-03,128.09911
03-Oct-03,129.13840
10-Oct-03,128.00718
17-Oct-03,129.27227
24-Oct-03,128.98463
31-Oct-03,130.56078
07-Nov-03,129.65857
14-Nov-03,131.08091
21-Nov-03,131.95094
28-Nov-03,131.03116
05-Dec-03,130.72638
12-Dec-03,131.99586
19-Dec-03,131.71481
26-Dec-03,131.12220
02-Jan-04,131.21928
09-Jan-04,132.98768
16-Jan-04,134.30978
23-Jan-04,133.68530
30-Jan-04,133.48491
06-Feb-04,132.55706
13-Feb-04,133.81625
20-Feb-04,134.62920
27-Feb-04,134.62578
05-Mar-04,135.08111
12-Mar-04,134.70489
19-Mar-04,134.46119
26-Mar-04,134.26372
02-Apr-04,135.52388
09-Apr-04,134.39000
16-Apr-04,133.89982
23-Apr-04,134.69417
30-Apr-04,135.09242
07-May-04,135.06175
14-May-04,133.14127
21-May-04,132.97584
28-May-04,133.39437
04-Jun-04,132.13540
11-Jun-04,132.65206
18-Jun-04,132.04208
25-Jun-04,131.50246
02-Jul-04,133.17884
09-Jul-04,131.87661
16-Jul-04,131.17704
23-Jul-04,131.23717
30-Jul-04,131.90318
06-Aug-04,131.41074
13-Aug-04,131.70315
20-Aug-04,131.37607
27-Aug-04,130.97360
03-Sep-04,132.05180
10-Sep-04,131.50220
17-Sep-04,131.51264
24-Sep-04,131.90593
01-Oct-04,132.10484
08-Oct-04,131.77783
15-Oct-04,132.17158
22-Oct-04,131.19765
29-Oct-04,132.82471
05-Nov-04,133.09693
12-Nov-04,133.28503
19-Nov-04,133.65940
26-Nov-04,133.17178
03-Dec-04,134.05373
10-Dec-04,134.25232
17-Dec-04,134.10699
24-Dec-04,134.74182
31-Dec-04,132.48350
07-Jan-05,130.96911
14-Jan-05,133.32182
21-Jan-05,133.54872
28-Jan-05,133.57290
04-Feb-05,134.33562
11-Feb-05,134.23631
18-Feb-05,134.06692
25-Feb-05,134.97929
04-Mar-05,135.32818
11-Mar-05,136.09351
18-Mar-05,135.42943
25-Mar-05,135.27160
01-Apr-05,134.53239
08-Apr-05,135.52461
15-Apr-05,135.02871
22-Apr-05,134.45615
29-Apr-05,134.05233
06-May-05,134.45007
13-May-05,133.09320
20-May-05,132.88066
27-May-05,132.02844
03-Jun-05,132.44813
10-Jun-05,134.09017
17-Jun-05,133.44387
24-Jun-05,133.98096
01-Jul-05,134.45287
08-Jul-05,133.68235
15-Jul-05,134.68008
22-Jul-05,134.95274
29-Jul-05,135.64913
05-Aug-05,136.47027
12-Aug-05,136.57521
19-Aug-05,136.63755
26-Aug-05,136.44242
02-Sep-05,136.82191
09-Sep-05,135.75055
16-Sep-05,135.35363
23-Sep-05,136.57907
30-Sep-05,136.35965
07-Oct-05,135.98039
14-Oct-05,137.03279
21-Oct-05,136.59555
28-Oct-05,135.57392
04-Nov-05,135.79314
11-Nov-05,136.41726
18-Nov-05,135.95787
25-Nov-05,136.52323
02-Dec-05,136.80270
09-Dec-05,136.83251
16-Dec-05,136.92173
23-Dec-05,136.26281
30-Dec-05,136.27103
06-Jan-06,136.78486
13-Jan-06,137.81739
20-Jan-06,138.89030
27-Jan-06,138.72261
03-Feb-06,138.68024
10-Feb-06,137.74588
17-Feb-06,138.06030
24-Feb-06,137.81850
03-Mar-06,137.49175
10-Mar-06,137.16503
17-Mar-06,136.90127
24-Mar-06,137.55493
31-Mar-06,138.81094
07-Apr-06,138.17203
14-Apr-06,138.03329
21-Apr-06,138.12207
28-Apr-06,139.61841
05-May-06,138.63663
12-May-06,139.39785
19-May-06,138.23988
26-May-06,137.10120
02-Jun-06,137.67168
09-Jun-06,137.90365
16-Jun-06,136.86276
23-Jun-06,135.99946
30-Jun-06,136.63229
07-Jul-06,136.49192
14-Jul-06,136.57201
21-Jul-06,136.25608
28-Jul-06,135.68260
04-Aug-06,136.02438
11-Aug-06,136.03308
18-Aug-06,135.80190
25-Aug-06,135.66871
01-Sep-06,136.04842
08-Sep-06,136.58244
15-Sep-06,135.82486
22-Sep-06,135.26970
29-Sep-06,136.49806
06-Oct-06,135.67224
13-Oct-06,136.60521
20-Oct-06,136.87412
27-Oct-06,136.84986
03-Nov-06,137.99850
10-Nov-06,138.87398
17-Nov-06,138.10202
24-Nov-06,137.82831
01-Dec-06,139.24639
08-Dec-06,140.88951
15-Dec-06,140.01365
22-Dec-06,138.60411
29-Dec-06,138.85469
05-Jan-07,140.75647
12-Jan-07,140.64359
19-Jan-07,139.07756
26-Jan-07,140.26709
02-Feb-07,140.12098
09-Feb-07,139.45166
16-Feb-07,139.62581
23-Feb-07,140.35978
02-Mar-07,140.16169
09-Mar-07,140.18266
16-Mar-07,139.80033
23-Mar-07,140.24491
30-Mar-07,140.26311
06-Apr-07,140.37734
13-Apr-07,140.54544
20-Apr-07,141.72484
27-Apr-07,142.87016
04-May-07,143.04777
11-May-07,143.00802
18-May-07,142.73020
25-May-07,142.68083
01-Jun-07,142.96652
08-Jun-07,143.70385
15-Jun-07,142.82511
22-Jun-07,142.70628
29-Jun-07,142.63693
06-Jul-07,143.13179
13-Jul-07,143.18041
20-Jul-07,142.95002
27-Jul-07,141.88324
03-Aug-07,141.34489
10-Aug-07,141.52710
17-Aug-07,139.47768
24-Aug-07,138.79052
31-Aug-07,139.65784
07-Sep-07,139.73288
14-Sep-07,139.68089
21-Sep-07,139.97593
28-Sep-07,139.88975
05-Oct-07,140.29858
12-Oct-07,140.32978
19-Oct-07,139.81977
26-Oct-07,139.31847
02-Nov-07,139.56655
09-Nov-07,139.60167
16-Nov-07,138.39934
23-Nov-07,136.28662
30-Nov-07,137.74623
07-Dec-07,137.52821
14-Dec-07,135.60760
21-Dec-07,134.45517
28-Dec-07,133.87496
04-Jan-08,135.17364
11-Jan-08,136.37968
18-Jan-08,134.80556
25-Jan-08,130.61425
01-Feb-08,132.84834
08-Feb-08,132.57273
15-Feb-08,131.55807
22-Feb-08,131.77111
29-Feb-08,132.67303
07-Mar-08,132.08227
14-Mar-08,130.74642
21-Mar-08,131.43456
28-Mar-08,129.85606
04-Apr-08,131.79417
11-Apr-08,132.36459
18-Apr-08,132.31584
25-Apr-08,132.43523
02-May-08,133.80845
09-May-08,134.00976
16-May-08,133.41708
23-May-08,133.31459
30-May-08,132.87805
06-Jun-08,132.97497
13-Jun-08,132.76459
20-Jun-08,131.87193
27-Jun-08,131.46136
04-Jul-08,131.98152
11-Jul-08,130.89755
18-Jul-08,129.53706
25-Jul-08,128.09622
01-Aug-08,127.54377
08-Aug-08,127.21936
15-Aug-08,126.45051
22-Aug-08,126.09805
29-Aug-08,126.91046
05-Sep-08,126.50824
12-Sep-08,125.62377
19-Sep-08,122.62867
26-Sep-08,122.69166
03-Oct-08,120.72602
10-Oct-08,117.05708
17-Oct-08,113.82559
24-Oct-08,112.44715
31-Oct-08,110.28494
07-Nov-08,110.68257
14-Nov-08,108.20321
21-Nov-08,106.74364
28-Nov-08,109.28659
05-Dec-08,106.71273
12-Dec-08,107.11108
19-Dec-08,107.72826
26-Dec-08,108.49312
02-Jan-09,110.18059
09-Jan-09,109.41610
16-Jan-09,108.33480
23-Jan-09,108.16957
30-Jan-09,107.56786
06-Feb-09,106.96460
13-Feb-09,107.90884
20-Feb-09,106.33151
27-Feb-09,105.70296
06-Mar-09,105.34392
13-Mar-09,105.79867
20-Mar-09,106.24593
27-Mar-09,106.66278
03-Apr-09,107.75824
10-Apr-09,108.06147
17-Apr-09,108.13213
24-Apr-09,108.91735
01-May-09,110.31134
08-May-09,111.99750
15-May-09,112.13567
22-May-09,113.19188
29-May-09,114.83594
05-Jun-09,116.68124
12-Jun-09,117.79238
19-Jun-09,118.38686
26-Jun-09,118.32765
03-Jul-09,119.29725
10-Jul-09,118.29172
17-Jul-09,118.97533
24-Jul-09,120.37967
31-Jul-09,122.61229
07-Aug-09,125.12272
14-Aug-09,126.07195
21-Aug-09,125.72203
28-Aug-09,126.12219
04-Sep-09,126.72494
11-Sep-09,127.10407
18-Sep-09,128.81834
25-Sep-09,128.22262
02-Oct-09,129.06920
09-Oct-09,128.60428
16-Oct-09,128.49377
23-Oct-09,128.96287
30-Oct-09,129.14658
06-Nov-09,127.67978
13-Nov-09,127.23433
20-Nov-09,128.78855
27-Nov-09,129.38426
04-Dec-09,129.84608
11-Dec-09,130.54035
18-Dec-09,129.98757
25-Dec-09,130.06729
01-Jan-10,130.87960
08-Jan-10,131.54484
15-Jan-10,131.55125
22-Jan-10,131.17105
29-Jan-10,130.57146
05-Feb-10,129.43925
12-Feb-10,127.93839
19-Feb-10,128.00191
26-Feb-10,129.01434
05-Mar-10,129.89333
12-Mar-10,130.27043
19-Mar-10,130.81207
26-Mar-10,131.46145
02-Apr-10,131.55259
09-Apr-10,131.39542
16-Apr-10,133.17177
23-Apr-10,134.09870
30-Apr-10,135.17317
07-May-10,132.11816
14-May-10,127.18906
21-May-10,125.39252
28-May-10,123.67388
04-Jun-10,122.65771
11-Jun-10,122.03549
18-Jun-10,122.45253
25-Jun-10,121.62242
02-Jul-10,120.61399
09-Jul-10,120.30553
16-Jul-10,120.52204
23-Jul-10,120.69124
30-Jul-10,121.63064
06-Aug-10,122.11102
13-Aug-10,121.03335
20-Aug-10,121.24352
27-Aug-10,120.71782
03-Sep-10,121.93911
10-Sep-10,122.66135
17-Sep-10,122.28993
24-Sep-10,122.37153
01-Oct-10,123.61116
08-Oct-10,122.40233
15-Oct-10,122.24076
22-Oct-10,123.04374
29-Oct-10,123.31610
05-Nov-10,124.16211
12-Nov-10,124.14267
19-Nov-10,125.96528
26-Nov-10,125.33135
03-Dec-10,126.23659
10-Dec-10,127.08773
17-Dec-10,127.79997
24-Dec-10,128.57693
31-Dec-10,128.67376
07-Jan-11,128.16996
14-Jan-11,128.57680
21-Jan-11,127.89924
28-Jan-11,128.93671
04-Feb-11,129.96737
11-Feb-11,129.59059
18-Feb-11,130.13533
25-Feb-11,129.14785
04-Mar-11,130.49027
11-Mar-11,129.98890
18-Mar-11,128.77218
25-Mar-11,129.99348
01-Apr-11,131.11287
08-Apr-11,130.76921
15-Apr-11,131.88948
22-Apr-11,129.88705
29-Apr-11,129.34385
06-May-11,130.14424
13-May-11,129.28961
20-May-11,129.18201
27-May-11,128.83624
03-Jun-11,128.27650
10-Jun-11,128.32940
17-Jun-11,127.56977
24-Jun-11,127.19221
01-Jul-11,128.36964
08-Jul-11,129.11191
15-Jul-11,128.14667
22-Jul-11,127.95812
29-Jul-11,129.13936
05-Aug-11,128.47724
12-Aug-11,125.04332
19-Aug-11,123.50285
26-Aug-11,123.13224
02-Sep-11,123.29406
09-Sep-11,122.31955
16-Sep-11,121.56262
23-Sep-11,120.89499
30-Sep-11,120.26863
07-Oct-11,119.77689
14-Oct-11,120.25953
21-Oct-11,121.03603
28-Oct-11,121.97242
04-Nov-11,122.17784
11-Nov-11,121.96329
18-Nov-11,122.24111
25-Nov-11,120.93086
02-Dec-11,122.39163
09-Dec-11,122.27626
16-Dec-11,121.17018
23-Dec-11,120.68575
30-Dec-11,120.14367
06-Jan-12,121.29280
13-Jan-12,123.07504
20-Jan-12,122.74090
27-Jan-12,123.10299
03-Feb-12,123.22852
10-Feb-12,123.23561
17-Feb-12,123.06105
24-Feb-12,124.12421
02-Mar-12,124.35871
09-Mar-12,124.73980
16-Mar-12,125.38307
23-Mar-12,125.99137
30-Mar-12,126.69683
06-Apr-12,125.83688
13-Apr-12,124.05274
20-Apr-12,124.14668
27-Apr-12,124.64167
04-May-12,125.09717
11-May-12,124.34803
18-May-12,122.85664
25-May-12,122.21153
01-Jun-12,121.37632
08-Jun-12,121.99750
15-Jun-12,121.35059
22-Jun-12,121.67856
29-Jun-12,121.66755
06-Jul-12,122.72432
13-Jul-12,121.89646
20-Jul-12,122.52918
27-Jul-12,122.10557
03-Aug-12,122.48573
10-Aug-12,123.16811
17-Aug-12,123.42179
24-Aug-12,123.85134
31-Aug-12,124.05134
07-Sep-12,124.73373
14-Sep-12,125.31267
21-Sep-12,126.53948
28-Sep-12,126.37105
05-Oct-12,127.58122
12-Oct-12,126.84071
19-Oct-12,126.70616
26-Oct-12,126.55061
02-Nov-12,125.91513
09-Nov-12,125.32692
16-Nov-12,125.33936
23-Nov-12,126.15028
30-Nov-12,126.42524
07-Dec-12,127.57613
14-Dec-12,127.15944
21-Dec-12,127.41719
28-Dec-12,126.57743
04-Jan-13,128.07626
11-Jan-13,130.19517
18-Jan-13,130.37752
25-Jan-13,129.93281
01-Feb-13,130.58436
08-Feb-13,129.79348
15-Feb-13,129.16927
22-Feb-13,128.82547
01-Mar-13,129.80973
08-Mar-13,129.95349
15-Mar-13,130.00706
22-Mar-13,129.98271
29-Mar-13,129.85406
05-Apr-13,130.21898
12-Apr-13,130.80799
19-Apr-13,130.60108
26-Apr-13,130.83506
03-May-13,130.87903
10-May-13,130.29834
17-May-13,130.70293
24-May-13,130.91031
31-May-13,131.11941
07-Jun-13,131.17867
14-Jun-13,130.33921
21-Jun-13,130.61664
28-Jun-13,130.29447
05-Jul-13,130.24449
12-Jul-13,130.93593
19-Jul-13,130.64729
26-Jul-13,131.34087
02-Aug-13,131.13736
09-Aug-13,130.93449
16-Aug-13,130.93351
23-Aug-13,131.27293
30-Aug-13,131.52850
06-Sep-13,132.09315
13-Sep-13,131.78613
20-Sep-13,132.42041
27-Sep-13,131.61287
04-Oct-13,130.28453
11-Oct-13,130.01917
18-Oct-13,130.92665
25-Oct-13,131.25886
01-Nov-13,131.17642
08-Nov-13,131.05540
15-Nov-13,131.78566
22-Nov-13,132.39374
29-Nov-13,132.29377
06-Dec-13,131.65969
13-Dec-13,131.08509
20-Dec-13,131.86627
27-Dec-13,133.20325
03-Jan-14,133.37777
10-Jan-14,134.66425
17-Jan-14,133.88097
24-Jan-14,133.79939
31-Jan-14,133.22246
07-Feb-14,132.24663
14-Feb-14,132.06696
21-Feb-14,131.89063
28-Feb-14,133.45174
07-Mar-14,133.42168
14-Mar-14,132.94739
21-Mar-14,133.38741
28-Mar-14,133.54593
04-Apr-14,134.75918
11-Apr-14,134.92818
18-Apr-14,134.62313
25-Apr-14,134.16131
02-May-14,135.66388
09-May-14,136.02994
16-May-14,135.00384
23-May-14,135.10162
30-May-14,134.68983
06-Jun-14,135.72138
13-Jun-14,135.25576
20-Jun-14,135.38709
27-Jun-14,135.44657
04-Jul-14,136.22537
11-Jul-14,135.21702
18-Jul-14,135.48692
25-Jul-14,135.56554
01-Aug-14,135.54081
08-Aug-14,134.49843
15-Aug-14,134.15430
22-Aug-14,134.74719
29-Aug-14,134.82301
05-Sep-14,134.32541
12-Sep-14,135.01272
19-Sep-14,134.53881
26-Sep-14,134.32483
03-Oct-14,134.03688
10-Oct-14,133.76511
17-Oct-14,131.57379
24-Oct-14,131.38270
31-Oct-14,132.44686
07-Nov-14,132.23184
14-Nov-14,132.95207
21-Nov-14,131.72571
28-Nov-14,132.29696
05-Dec-14,132.59428
12-Dec-14,131.15053
19-Dec-14,130.98205
26-Dec-14,130.20803
02-Jan-15,130.32402
09-Jan-15,131.53010
16-Jan-15,130.68128
23-Jan-15,131.59588
30-Jan-15,130.77261
06-Feb-15,130.38736
13-Feb-15,130.28517
20-Feb-15,130.87208
27-Feb-15,130.68883
06-Mar-15,131.61578
13-Mar-15,131.22559
20-Mar-15,131.49882
27-Mar-15,132.60168
03-Apr-15,132.84500
10-Apr-15,132.68038
17-Apr-15,133.25712
24-Apr-15,134.04805
01-May-15,134.20792
08-May-15,134.29084
15-May-15,133.68255
22-May-15,133.51655
29-May-15,133.00529
05-Jun-15,134.10593
12-Jun-15,134.06907
19-Jun-15,133.77942
26-Jun-15,133.29980
03-Jul-15,133.30770
10-Jul-15,132.36196
17-Jul-15,133.01165
24-Jul-15,132.70494
31-Jul-15,132.61002
07-Aug-15,132.01239
14-Aug-15,131.38095
21-Aug-15,131.20010
28-Aug-15,130.27586
04-Sep-15,130.62749
11-Sep-15,130.52503
18-Sep-15,131.35509
25-Sep-15,129.99646
02-Oct-15,131.90016
09-Oct-15,128.33135
16-Oct-15,129.66792
23-Oct-15,129.55190
30-Oct-15,129.54666
06-Nov-15,130.08416
13-Nov-15,130.82824
20-Nov-15,130.98469
27-Nov-15,131.56544
04-Dec-15,131.48336
11-Dec-15,130.94067
18-Dec-15,131.29817
25-Dec-15,130.62178
01-Jan-16,129.99547
08-Jan-16,130.73419
15-Jan-16,129.80525
22-Jan-16,129.89939
29-Jan-16,129.11390
05-Feb-16,129.89450
12-Feb-16,128.12400
19-Feb-16,128.80570
26-Feb-16,129.02032
04-Mar-16,130.34792
11-Mar-16,131.60535
18-Mar-16,132.34356
25-Mar-16,132.95684
01-Apr-16,133.24942
08-Apr-16,134.34535
15-Apr-16,135.47252
22-Apr-16,135.84861
29-Apr-16,136.11611
06-May-16,135.47122
13-May-16,135.11838
20-May-16,136.15742
27-May-16,135.87916
03-Jun-16,137.37393
10-Jun-16,136.45954
17-Jun-16,136.35227
24-Jun-16,136.27931
01-Jul-16,136.70964
08-Jul-16,137.09861
15-Jul-16,138.25941
22-Jul-16,138.17296
29-Jul-16,137.86638
05-Aug-16,137.95124
12-Aug-16,137.93350
19-Aug-16,138.27772
26-Aug-16,138.72187
02-Sep-16,139.18722
09-Sep-16,139.89813
16-Sep-16,139.16929
23-Sep-16,139.26649
30-Sep-16,139.57461
07-Oct-16,139.41242
14-Oct-16,139.52585
21-Oct-16,138.53563
28-Oct-16,138.29963
04-Nov-16,138.44653
11-Nov-16,139.11288
18-Nov-16,141.63591
25-Nov-16,141.97261
02-Dec-16,143.03875
09-Dec-16,143.25690
16-Dec-16,143.91806
23-Dec-16,144.02773
30-Dec-16,144.71967
27-Jan-17,145.16612
24-Feb-17,145.51936
31-Mar-17,144.94749
28-Apr-17,144.43036
19-May-17,144.11593
12-May-17,144.51719
19-May-17,144.09286
26-May-17,143.44860
02-Jun-17,144.49316
09-Jun-17,143.97949
16-Jun-17,143.67373
23-Jun-17,143.06964
30-Jun-17,143.81502
07-Jul-17,143.93246
14-Jul-17,144.71888
21-Jul-17,144.18549
28-Jul-17,144.39756
04-Aug-17,144.29553
11-Aug-17,144.41810
18-Aug-17,144.03073
01-Sep-17,141.77810
08-Sep-17,143.36634
15-Sep-17,143.43717
01-Oct-17,143.43717